<?xml version="1.0" encoding="UTF-8"?>
<project-private xmlns="http://www.netbeans.org/ns/project-private/1">
    <editor-bookmarks xmlns="http://www.netbeans.org/ns/editor-bookmarks/2" lastBookmarkId="0"/>
    <open-files xmlns="http://www.netbeans.org/ns/projectui-open-files/2">
        <group>
            <file>file:/C:/Users/Joy/Documents/NetBeansProjects/IOGroupChat/src/server/ClientHandler.java</file>
            <file>file:/C:/Users/Joy/Documents/NetBeansProjects/IOGroupChat/src/server/ClientInfo.java</file>
            <file>file:/C:/Users/Joy/Documents/NetBeansProjects/IOGroupChat/src/client/ClientWritter.java</file>
            <file>file:/C:/Users/Joy/Documents/NetBeansProjects/IOGroupChat/src/client/ClientReader.java</file>
            <file>file:/C:/Users/Joy/Documents/NetBeansProjects/IOGroupChat/src/server/Server.java</file>
            <file>file:/C:/Users/Joy/Documents/NetBeansProjects/IOGroupChat/src/client/Client.java</file>
        </group>
    </open-files>
</project-private>
